adult,backdrop_path,genre_ids,id,original_language,original_title,overview,popularity,poster_path,release_date,title,video,vote_average,vote_count
False,/5lWIYxYEqWi8j3ZloxXntw3ImBo.jpg,"[16, 10751, 35, 14]",360920,en,The Grinch,"O Grinch é um ser verde que não suporta o Natal e, todo ano, precisa impedir que os habitantes da cidade vizinha de Quemlândia comemorem a data. Decidido a acabar com a festa, ele resolve invadir os lares dos vizinhos e roubar tudo o que está relacionado ao Natal.",387.666,/rmXN4DgZrGNxrUaSyR3wE7sG78m.jpg,2018-11-08,O Grinch,False,6.9,3973
False,/2KGxQFV9Wp1MshPBf8BuqWUgVAz.jpg,"[16, 28, 12, 35, 10751]",940551,en,Migration,"A família Mallard está um pouco refém da rotina. Enquanto Mack, o pai, se contenta em manter sua família segura nos arredores de um lago da Nova Inglaterra para sempre, Pam, a mãe, está ansiosa para agitar as coisas e mostrar a seus filhos – o adolescente Dax e a patinha Gwen – o mundo inteiro. Quando uma família de patos migratórios aterrissa em seu lago com histórias emocionantes de lugares distantes, Pam convence Mack a embarcar em uma viagem em família, via Nova York, para a Jamaica tropical.",214.545,/wXWnUhdnSuADRp9w7aAZNHx682v.jpg,2023-12-06,Patos!,False,7.435,1844
False,/j29ekbcLpBvxnGk6LjdTc2EI5SA.jpg,"[16, 10751, 12, 18, 35]",150540,en,Inside Out,"Baseadas na Sala de Comando, o centro de controle dentro da mente de Riley de 11 anos, cinco emoções trabalham sem parar, lideradas pela otimista Alegria. Ela se esforça muito para garantir que Riley esteja sempre feliz, e trabalha ao lado do Medo, Raiva, Nojinho e Tristeza.",167.429,/4Kg34KTlnoHvjLzD7ji2jUSouvD.jpg,2015-06-17,Divertida Mente,False,7.912,22004
False,/9n2tJBplPbgR2ca05hS5CKXwP2c.jpg,"[16, 10751, 12, 14, 35]",502356,en,The Super Mario Bros. Movie,"Os irmãos Mario e Luigi, de ascendência italiana, vivem em Brooklyn (Nova Iorque), onde trabalham como canalizadores. Certo dia, durante um serviço de reparação de uma conduta de água, são sugados por um tubo e transportados para o Reino Cogumelo, um universo paralelo governado pela Princesa Peach. Sem saber do paradeiro do irmão, Mario vai ter de aprender a sobreviver naquele lugar, adquirindo capacidades bizarras mas que serão grandes mais-valias para destruir os planos de Bowser, um verdadeiro vilão que tenciona dominar o mundo.",163.167,/ktU3MIeZtuEVRlMftgp0HMX2WR7.jpg,2023-04-05,Super Mario Bros. O Filme,False,7.642,9216
False,/sRvXNDItGlWCqtO3j6wks52FmbD.jpg,"[16, 35, 14, 12, 10751]",808,en,Shrek,"Em um pântano distante vive Shrek, um ogro solitário que vê, sem mais nem menos, sua vida ser invadida por uma série de personagens de contos de fada, como três ratos cegos, um grande e malvado lobo e ainda três porcos que não têm um lugar onde morar. Todos eles foram expulsos de seus lares pelo maligno Lorde Farquaad. Determinado a recuperar a tranquilidade de antes, Shrek resolve encontrar Farquaad e com ele faz um acordo: todos os personagens poderão retornar aos seus lares se ele e seu amigo Burro resgatarem uma bela princesa, que é prisioneira de um dragão. Porém, quando Shrek e o Burro enfim conseguem resgatar a princesa logo eles descobrem que seus problemas estão apenas começando.",154.972,/dyhaB19AICF7TO7CK2aD6KfymnQ.jpg,2001-05-18,Shrek,False,7.7,17156
False,/jr8tSoJGj33XLgFBy6lmZhpGQNu.jpg,"[16, 12, 14, 35, 10751]",315162,en,Puss in Boots: The Last Wish,"O Gato de Botas descobre que sua paixão pela aventura cobrou seu preço: ele queimou oito de suas nove vidas, deixando-o com apenas uma vida restante. Gato parte em uma jornada épica para encontrar o mítico Último Desejo e restaurar suas nove vidas.",144.934,/n3bZTjymEdd7laY7qqi4N3VGz7D.jpg,2022-12-07,Gato de Botas 2: O Último Pedido,False,8.2,7820
False,/vmzauGqSgx25rzavUbuN6c5Vdfc.jpg,"[16, 12, 35, 10751]",1059264,en,The Inseparables,"Quando as luzes se apagam em um antigo teatro do Central Park, os bonecos ganham vida. Entre eles está Don, que sonha em desbravar o mundo e ter uma vida própria. Quando sai do teatro em busca dessa realização, ele conhece DJ Doggie Dog, um animal de pelúcia abandonado que quer se tornar uma estrela do rap. Juntos, vão tentar transformar seus sonhos em realidade.",138.699,/agmVK43JaFqp7P9dALQyJnCg66T.jpg,2023-09-01,Os Inseparáveis,False,6.462,39
False,/iYLKMV7PIBtFmtygRrhSiyzcVsF.jpg,"[12, 35, 10751, 16]",277834,en,Moana,"Moana Waialiki é uma corajosa jovem, filha do chefe de uma tribo na Oceania, vinda de uma longa linhagem de navegadores. Querendo descobrir mais sobre seu passado e ajudar a família, ela resolve partir em busca de seus ancestrais, habitantes de uma ilha mítica que ninguém sabe onde é. Acompanhada pelo lendário semideus Maui, Moana começa sua jornada em mar aberto, onde enfrenta terríveis criaturas marinhas e descobre histórias do submundo.",127.03,/qgDYSh9oRMNUS0ldxJLJtFGSGMK.jpg,2016-10-13,Moana: Um Mar de Aventuras,False,7.569,12578
False,/8ohobj5lAIbl5XWw11FywS3IRrS.jpg,"[16, 10751, 35, 14, 12, 10749]",809,en,Shrek 2,"Após se casar com a Princesa Fiona (Cameron Diaz), Shrek (Mike Myers) vive feliz em seu pântano. Ao retornar de sua lua-de-mel Fiona recebe uma carta de seus pais, que não sabem que ela agora é um ogro, convidando-a para um jantar juntamente com seu grande amor, na intenção de conhecê-lo. A muito custo Fiona consegue convencer Shrek a ir visitá-los, tendo ainda a companhia do Burro (Eddie Murphy). Porém os problemas começam quando os pais de Fiona descobrem que ela não se casou com o Príncipe (Rupert Everett), a quem havia sido prometida, e enviam o Gato de Botas (Antonio Banderas) para separá-los.",126.501,/2yYP0PQjG8zVqturh1BAqu2Tixl.jpg,2004-05-19,Shrek 2,False,7.282,12305
False,/4s2d3xdyqotiVNHTlTlJjrr3q0H.jpg,"[12, 10751, 16, 28, 35]",177572,en,Big Hero 6,"O grande robô inflável está sempre a postos para cuidar de Hiro Hamada. Quando algo devastador assola a cidade, o menino prodígio, seus amigos e o robô formam um grupo de heróis para combater o mal.",123.902,/zGuS48PShYgLwBpoRBCgzJC20uN.jpg,2014-10-24,Operação Big Hero,False,7.7,15609
False,/xgDj56UWyeWQcxQ44f5A3RTWuSs.jpg,"[16, 35, 10751, 14]",2062,en,Ratatouille,Um rato que sabe cozinhar faz uma aliança incomum com um jovem trabalhador de cozinha em um restaurante famoso.,121.753,/oKxcKosRU4FEIeg9vtklDvIfVFv.jpg,2007-06-21,Ratatouille,False,7.826,17060
False,/5luaIi1lLzLfgl8oywifeUtPN6W.jpg,"[16, 35, 10751, 14, 10749]",976573,en,Elemental,"Em uma cidade onde moradores do fogo, da água, da terra e do ar vivem juntos, uma jovem impetuosa e um homem tranquilo estão prestes a descobrir algo elementar: o quanto realmente têm em comum.",121.198,/tsfaRkZfUl5Ve9GMV8oY0UuLH52.jpg,2023-06-14,Elementos,False,7.629,4517
False,/lxD5ak7BOoinRNehOCA85CQ8ubr.jpg,"[16, 12, 10751, 35]",862,en,Toy Story,"Buzz Lightyear é o novo e sofisticado astronauta de brinquedo do garoto Andy. Buzz não imaginava que encontraria um rival: Woody, um cowboy de brinquedo que, dominado pelo ciúme, acredita ter perdido um lugar precioso no coração do seu dono. Os dois brinquedos vivem brigando até que vão parar nas garras do vizinho, um verdadeiro destruidor de brinquedos. Agora, mais do que nunca, Buzz e Woody precisam precisam se unir para escapar do perigo. Com a ajuda de seus amigos da caixa de brinquedos, eles vão viver uma incrível aventura.",118.974,/AptcisAVyZqBllXLEGje8MjKzJI.jpg,1995-10-30,Toy Story: Um Mundo de Aventuras,False,7.971,18401
False,/sDTnMOJ3H5wI38OxObmCtK7wfd5.jpg,"[16, 35, 10751]",585,en,"Monsters, Inc.","O astro do susto, Sulley, e seu falante assistente, Mike, trabalham na Monstros S.A., a maior fábrica de processamento de gritos da cidade de Monstrópolis. A principal fonte de energia do mundo dos monstros provém da coleta dos gritos das crianças humanas. Os monstros acreditam que as crianças são tóxicas, e entram em pânico quando uma menininha invade seu mundo. Sulley e Mike fazem de tudo para levar a garota de volta para casa, mas enfrentam desafios monstruosos e algumas situações hilárias em suas atrapalhadas aventuras.",116.982,/mKiG037CiuSZqL1gxsDHyBj28lg.jpg,2001-11-01,Monstros S.A.,False,7.846,18449
False,/5MnP0h7RcUCeX7gpxMYoMScmfq7.jpg,"[14, 28, 12, 16, 35, 10751]",82702,en,How to Train Your Dragon 2,"Cinco anos após convencer os habitantes de seu vilarejo que os dragões não devem ser combatidos, Soluço convive com seu dragão Fúria da Noite, e estes animais integraram pacificamente a rotina dos moradores da ilha de Berk. Entre viagens pelos céus e corridas de dragões, Soluço descobre uma caverna secreta, onde centenas de novos dragões vivem. O local é protegido por Valka, mãe de Soluço, que foi afastada do filho quando ele ainda era um bebê. Juntos, eles precisarão proteger o mundo que conhecem do perigoso Drago Bludvist, que deseja controlar todos os dragões existentes.",113.448,/yqRLscDZE52mAkNhVTKtVVpC5QC.jpg,2014-06-05,Como Treinar o seu Dragão 2,False,7.675,9577
False,/3G1Q5xF40HkUBJXxt2DQgQzKTp5.jpg,"[16, 35, 10751, 14]",568124,en,Encanto,"Uma garota chamada Mirabel Madrigal cresce como o único membro não mágico de sua família, que vivem escondidos em uma vibrante casa encantada nas montanhas da Colômbia.",106.885,/nUG2CEEYbuvaARFUdyWXAIvM8RR.jpg,2021-10-13,Encanto,False,7.599,9484
False,/42QKmIdogK82MwmR27AF4buZNNR.jpg,"[16, 10751, 35]",10193,en,Toy Story 3,"Quando Andy se prepara para ir para a faculdade, Woody, Buzz, Jessie e o restante dos leais brinquedos de Andy pensam o que irá acontecer com eles. Mas quando uma confusão faz com que eles sejam levados à creche Sunnyside, eles conhecem um anfitrião de novos brinquedos e logo descobrem que uma nova aventura selvagem está apenas começando!",101.899,/AbbXspMOwdvwWZgVN0nabZq03Ec.jpg,2010-06-16,Toy Story 3,False,7.8,14655
False,/msnknPOg9dx86b0YozXOFP8PgBI.jpg,"[10751, 16, 12, 35]",270946,en,Penguins of Madagascar,"Vindos da franquia de animação Madagascar, Capitão, Kowalski, Rico e Recruta, a elite do pinguins espiões, são capturados em uma missão que tinha como objetivo presentear o integrante mais novo da tropa (Recruta) em seu aniversário. Eles caem nas garras do temido Dr. Otavius Brine, que se sentiu prejudicado pelo quarteto em um passado remoto. Agora, eles vão ter que impedir o maléfico plano do vilão de se vingar dos pinguins do mundo todo e, para isso, terão que juntar forças com uma especializada agência de espiões, a Vento do Norte, liderada pelo Agente Secreto. Enquanto isso, Recruta tenta provar seu valor como agente especial do time de pinguins.",100.234,/w9jno0ySammISRGvc0RZREjYUvg.jpg,2014-11-22,Os Pinguins de Madagascar: O Filme,False,6.5,4145
False,/p2fRZzxla6NoRbIH2KOZq0gHb5S.jpg,"[16, 12, 10751, 35]",269149,en,Zootopia,"Judy Hopps é a pequena coelha de uma fazenda isolada, filha de agricultores que plantam cenouras há décadas. Mas ela tem sonhos maiores: pretende se mudar para a cidade grande, Zootopia, onde todas as espécies de animais convivem em harmonia, na intenção de se tornar a primeira coelha policial. Judy enfrenta o preconceito e as manipulações dos outros animais, mas conta com a ajuda inesperada da raposa Nick Wilde, conhecida por sua malícia e suas infrações. A inesperada dupla se dedica à busca de um animal desaparecido, descobrindo uma conspiração que afeta toda a cidade.",100.015,/jyjBSQ7lCS2XolhbLeAH5HhXahY.jpg,2016-02-11,Zootopia: Essa Cidade é o Bicho,False,7.75,16329
False,/5XkpmU5pPfWAK0HDTYxILjhfOqq.jpg,"[16, 35, 10751]",863,en,Toy Story 2,"Quando Andy viaja para um acampamento de verão, Woody é sequestrado por Al, um ambiocioso colecionador, que precisa do brinquedo favorito de Andy para completar sua coleção da Gangue do Rodeio. Junto com Jessie, Bala no Alvo e Mineiro, Woody corre o risco de ter que passar o resto de sua vida em exposição num museu. Agora, Buzz, Sr. Cabeça de Batata, Porquinho, Rex e Slinky terão que salvar seu amigo e trazê-lo de volta à vida de brinquedos.",96.881,/yjzb9ojVSEw9vg5kp22ijPKXyMF.jpg,1999-10-30,Toy Story 2,False,7.6,13840
False,/qSNz1G1Ts8fFw6v4Vae4aMAjcY7.jpg,"[14, 12, 16, 35, 10751]",810,en,Shrek the Third,"Quando seu sogro-sapo dá o último coaxo, Shrek embarca em mais uma tresloucada aventura, com Burro e Gato de Botas, para encontrar um novo herdeiro para o trono. O elenco favorito de personagens está de volta e trazendo novos, como Merlin, um mágico trapalhão, um esquisito Arthur, uma turma de poderosas princesas e um bando de surpreendentes aparições. Só mesmo Shrek para contar uma história onde todos vão viver gargalhando para sempre.",94.921,/abw1mIJIjG9X3xSEffE9siLcOkN.jpg,2007-05-17,Shrek Terceiro,False,6.297,9000
False,/ou1mmzUkFEgGp6b2ghMpW8FlHG4.jpg,"[10751, 16, 12, 35, 14]",330457,en,Frozen II,"Elsa, Anna, Kristoff, Olaf e Sven se aventuram na floresta encantada e nos mares escuros além de Arendelle – onde Elsa descobre não apenas a verdade sobre seu passado, mas uma ameaça ao seu reino.",91.186,/uVHishB6G4T6BOnUsV4JgdJXdIz.jpg,2019-11-20,Frozen 2,False,7.257,9711
False,/8pwIhymsxfAVjrAE7syDjQULn37.jpg,"[16, 35, 10751, 12]",425,en,Ice Age,"Vinte mil anos atrás, na era do gelo, três criaturas completamente diferentes se juntaram por obra do destino. Sid, uma cômica e falante preguiça, Manny, um peludo mamute ranzinza, e Diego, um sinistro tigre dente de sabre relutante em se juntar ao grupo para devolver um bebê humano a seu pai. Antes desta incrível jornada terminar, este diferente trio irá passar por lavas ferventes, escapar de traiçoeiros túneis de gelo e conhecer um pré-histórico esquilo chamado Scrat, uma criatura compulsiva por sua noz. Junte-se ao mais fantástico e engraçado grupo da história, na aventura mais legal de todos os tempos.",90.932,/A2NR4rJdD6bIVE61T7rhHxrrGvv.jpg,2002-03-10,A Era do Gelo,False,7.362,13262
False,/zVDJ4cRgSpHlILSm7kGiklHQ6O7.jpg,"[16, 35, 12, 28]",1062807,ja,劇場版 SPY×FAMILY CODE: White,"Ele é um espião. Ela uma assassina. Juntos, Loid e Yor mantêm suas vidas duplas enquanto fingem serem a família perfeita. No entanto, sua filha adotiva, Anya, uma telepata, conhece seus empolgantes segredos, sem eles saberem. Usando o pretexto de levar sua família numa viagem de inverno no fim de semana, a tentativa de Loid de progredir em sua missão atual, a Operação Strix, é frustrada quando Anya se envolve por engano e ativa eventos que ameaçam a paz mundial!",90.86,/thGaW3UXecNJAEdB6rs8sC45JWv.jpg,2023-12-22,SPY x FAMILY CÓDIGO: Branco,False,7.049,460
False,/fOy2Jurz9k6RnJnMUMRDAgBwru2.jpg,"[16, 10751, 35, 14]",508947,en,Turning Red,"Mei, de treze anos, está experimentando a estranheza de ser uma adolescente com uma reviravolta – quando ela fica muito animada, ela se transforma em um panda vermelho gigante.",90.801,/fRRHQNxmmnlOxBGjsHoB3UT01Rk.jpg,2022-03-10,Red: Crescer é Uma Fera,False,7.365,5230
False,/mZj8EUr6F1x2PWZjKPxaeYd5WRw.jpg,"[12, 16, 35, 10751, 14]",11688,en,The Emperor's New Groove,"Divirta-se com o arrogante imperador Kuzco que é transformado em Ihama pela malvada conselheira Yzma e seu capanga bonitão Kronk, para governar o reino. Agora o imperador, que sempre teve o mundo a seus pés, tem de se aliar a um caipira simpático chamado Pacha. Mas será que essa realeza tão antipática conseguirá mudar, tornando-se uma pessoa mais bondosa e gentil?",90.649,/wLeHgN6zdW1rfKP3KXJwa4AbJx.jpg,2000-12-15,A Nova Onda do Imperador,False,7.6,6726
False,/hGGC9gKo7CFE3fW07RA587e5kol.jpg,"[16, 35, 10751, 12]",14160,en,Up,"Carl Fredricksen é um vendedor de balões que, aos 78 anos, está prestes a perder a casa em que sempre viveu com sua esposa, a falecida Ellie. Após um incidente, Carl é considerado uma ameaça pública e forçado a ser internado. Para evitar que isto aconteça, ele põe balões em sua casa, fazendo com que ela levante voo. Carl quer viajar para uma floresta na América do Sul, onde ele e Ellie sempre desejaram morar, mas descobre que um problema embarcou junto: Russell, um menino de 8 anos.",90.546,/6FnpYYl90HeR2tnAgOTaa7jk8oD.jpg,2009-05-28,Up: Altas Aventuras,False,7.958,20221
False,/xZ2we4gdiwQmg6D1w9qHlAm5yIf.jpg,"[35, 12, 14, 16, 10751]",10192,en,Shrek Forever After,"Com saudade do tempo em que era um verdadeiro ogro, Shrek assina um contrato enfeitiçado com Rumpelstiltskin e... puf! Em um instante, tudo e todos se transformam. De repente Burro não se lembra de seu melhor amigo, Fiona agora é uma valente princesa guerreira e Gato de Botas é só um gato gordo! Juntos, eles precisam reverter o contrato em apenas 24 horas, para salvar Tão Tão Distante e restaurar seus dias felizes para sempre.",90.332,/fxMK2UCjvB8hOFod3v2wQDXLGF3.jpg,2010-05-16,Shrek Para Sempre: O Capítulo Final,False,6.379,7342
False,/mlxKite1x1PgmIhJgAxNS9eHmH8.jpg,"[16, 10751, 12, 35, 14]",508965,en,Klaus,"Em Smeerensburg, remota ilha localizada acima do Círculo Ártico, Jesper é um estudante da Academia Postal que enfrenta um sério problema: os habitantes da cidade brigam o tempo todo, sem demonstrar o menor interesse por cartas. Prestes a desistir da profissão, ele encontra apoio na professora Alva e no misterioso carpinteiro Klaus, que vive sozinho em sua casa repleta de brinquedos feitos a mão.",86.012,/guyZW9AQdTMp2F4esttjyIMMK1k.jpg,2019-11-08,Klaus,False,8.2,4049
False,/auXrHU6O17n9Tz11SHReoorjrU6.jpg,"[16, 35, 10751]",1075794,en,Leo,"Uma comédia musical que narra o último ano do Ensino Fundamental pelos olhos do lagarto Leo, o bichinho de estimação da sala.",83.732,/pD6sL4vntUOXHmuvJPPZAgvyfd9.jpg,2023-11-17,Leo,False,7.472,1161
False,/ztiFxuG0gC6wQ8y7JZFYbCQyN4Y.jpg,"[16, 10751, 10402, 35]",438695,en,Sing 2,Buster Moon e seus amigos devem persuadir o recluso astro do rock Clay Calloway a se juntar a eles para a abertura de um novo show.,83.312,/bamgEHSfZRMtFHkicCe9jgRad5P.jpg,2021-12-01,Sing 2,False,7.861,4389
False,/d1RHScaZc7I8j0lDke1c4AxI435.jpg,"[28, 12, 16, 10751, 35]",9502,en,Kung Fu Panda,"Po é um panda que trabalha na loja de macarrão da sua família e sonha em transformar-se em um mestre de kung fu. Seu sonho se torna realidade quando, inesperadamente, ele deve cumprir uma profecia antiga e estudar a arte marcial com seus ídolos, os Cinco Furiosos. Po precisa de toda a sabedoria, força e habilidade que conseguir reunir para proteger seu povo de um leopardo da neve malvado.",82.504,/6figomnwyiUa2ErqK8QangIAO6c.jpg,2008-06-04,Kung Fu Panda,False,7.294,11594
False,/k1KrbaCMACQiq7EA0Yhw3bdzMv7.jpg,"[16, 10751, 10402, 14, 35]",901362,en,Trolls Band Together,"Depois de dois filmes de amizade verdadeira e paquera implacável, Poppy e Tronco agora são oficialmente, finalmente, um casal! À medida que se aproximam, Poppy descobre que Tronco tem um passado secreto.",82.164,/ymbTyNAOx25PW28v6NUqR4cuXPb.jpg,2023-10-12,Trolls 3: Juntos Novamente,False,7.316,854
False,/5rARlA8beRAVXPYzSaF2NoS8Ry5.jpg,"[16, 35, 10751, 14]",76492,en,Hotel Transylvania,"O Hotel Transilvânia é um resort cinco estrelas que serve de refúgio para que os monstros possam descansar do árduo trabalho de perseguir e assustar os humanos. O local é comandado pelo Conde Drácula, que resolve convidar os amigos para comemorar o 118º aniversário de sua filha, Mavis. O que ele não esperava era que Jonathan, um humano sem noção, fosse aparecer no local justo quando o hotel está repleto de convidados e, ainda por cima, se apaixonasse por Mavis.",81.524,/i9kAWShk7qrqril2dLboP0hi8I2.jpg,2012-09-20,Hotel Transilvânia,False,7.0,8615
False,/zgQQF04u3OgNBJqClRNby1FPz9s.jpg,"[16, 10751, 28, 878, 35, 18, 12]",893723,en,PAW Patrol: The Mighty Movie,"Um meteoro mágico cai em Adventure City, dá superpoderes aos filhotes da Patrulha Canina e os transforma em Os Super Filhotes. Quando o arquirrival da Patrulha Canina, Humdinger, foge da prisão e se junta a um cientista maluco para roubar os poderes para si, Os Super Filhotes devem salvar Adventure City e deter os supervilões antes que seja tarde demais.",81.379,/mUirEoPDHqKYKzpfExHPvcnz6ME.jpg,2023-09-21,Patrulha Canina: Um Filme Superpoderoso,False,7.0,458
False,/ep1urICLqtwwV1sTPHP9WXV4Uto.jpg,"[16, 35, 10751, 12, 14]",585083,en,Hotel Transylvania: Transformania,"Drac e sua turma acabam sendo transformados em humanos após uma invenção de Van Helsing. Agora, eles precisam viajar até a Floresta Amazônica para encontrar o que pode ser a única solução para reverter a transformação, antes que seus poderes se percam para sempre.",80.776,/9PbtCo5IIkd26WPQfZUpPyn6fTz.jpg,2022-01-31,Hotel Transilvânia: Transformonstrão,False,7.078,2771
False,/yMmhALrLWj9amm2pAelmdXggxk2.jpg,"[16, 10751, 12, 35]",49013,en,Cars 2,"O astro das corridas, Relâmpago McQueen, e o carro-guincho, Mate, viajam para disputar o primeiro Grand Prix Mundial, que irá revelar o carro mais veloz do planeta. Nessa jornada imperdível, Mate se envolve com um grupo de espionagem e vive grandes aventuras com seus amigos.",80.506,/fIKaabvE40T39nOIngcZPcPJeYe.jpg,2011-06-11,Carros 2,False,6.1,7767
False,/2XSeKDmIa2KxaiJy4J9e8FrIZhk.jpg,"[16, 10751, 35]",20352,en,Despicable Me,"Um homem que adora todas as coisas diabólicas, o supervilão Gru traça um plano para roubar a lua. Rodeado de um exército de pequenos ajudantes e seu arsenal de armas e máquinas de guerra, Gru se prepara para destruir quem atravessar seu caminho. Mas ele não esperava pelo seu maior desafio: três adoráveis órfãs que querem ter Gru como pai.",79.566,/rYZzutMXxvirK9gK01iLo3Blaj3.jpg,2010-07-08,Meu Malvado Favorito,False,7.246,15078
False,/uMSxXLfH7v30gRNBqsQaSP3yqX5.jpg,"[16, 35, 10751, 12]",438148,en,Minions: The Rise of Gru,"A continuação das aventuras dos Minions, sempre em busca de um líder tirânico. Dessa vez, eles ajudam um Gru ainda criança, descobrindo como ser vilão.",79.29,/v3VjDN1SbMLK5u1B9Z7EuHWsFBr.jpg,2022-06-29,Minions 2: A Origem de Gru,False,7.318,3617
False,/i7W7x1EhLk0PXXFnHiCPBgUjBVC.jpg,"[18, 16, 10751, 35]",51052,en,Arthur Christmas,"Na linhagem dos papais Noel, Arthur (voz de James McAvoy) é o único que ainda acredita no espírito natalino. Seu irmão mais velho, Steve (Hugh Laurie), herdeiro do trenó, comanda com eficiência e disciplina a entrega mundial de presentes, enquanto Papai Noel (Jim Broadbent) já é apenas mais um no grande esquema de distribuição. Bill Nighy faz a voz de Vovô Noel, que aos 136 anos despreza toda essa modernidade e diz que o Natal no seu tempo era muito melhor.",77.472,/zl3jpbZ1weIUIUBB3OzUY9HSSSF.jpg,2011-11-10,Operação Presente,False,6.766,1470
False,/86TlYSntBzD4pxLNM6U3GoOfGdD.jpg,"[10751, 16, 12, 35]",260514,en,Cars 3,"Durante mais uma disputa eletrizante nas pistas, o campeão Relâmpago McQueen acelerou demais e acabou perdendo o controle. Agora, após ter capotando várias vezes e quase ter partido dessa para melhor, o vermelhinho vai ter sua vida alterada para sempre. O acidente foi tão grave que, com os estragos, McQueen pode ter que se aposentar de vez.",77.125,/lVPFdORefTKXKFiSktrXbiFDNAK.jpg,2017-06-15,Carros 3,False,6.9,5817
False,/uT5G4fA7jKxlJNfwYPMm353f5AI.jpg,"[28, 12, 16, 35, 10751]",140300,en,Kung Fu Panda 3,"Em uma visita a uma vila secreta com o pai, Po forma um exército de pandas para combater um espírito maligno que ameaça a China.",76.683,/pXYJjUNtnLfXVKGmqi1nfGornri.jpg,2016-01-23,Kung Fu Panda 3,False,6.914,6024
False,/q62bpQ67qaXY0u6b2wFEnQYIbPd.jpg,"[10751, 12, 16, 35, 14]",301528,en,Toy Story 4,"Agora morando na casa da pequena Bonnie, Woody apresenta aos amigos o novo brinquedo construído por ela: Forky, baseado em um garfo de verdade. O novo posto de brinquedo não o agrada nem um pouco, o que faz com que Forky fuja de casa. Decidido a trazer de volta o atual brinquedo favorito de Bonnie, Woody parte em seu encalço e, no caminho, reencontra Bo Peep, que agora vive em um parque de diversões.",76.67,/csiyO6q8rR74pfgJDjwINzhoick.jpg,2019-06-19,Toy Story 4,False,7.5,9759
False,/4gC8WdOeis3h1UC4qVvdhN2wlIP.jpg,"[16, 12, 35, 10751, 28, 14]",62177,en,Brave,"Determinada a seguir seu próprio caminho na vida, a princesa Mérida desafia um costume que traz caos ao seu reino. Concedido um desejo, Merida deve confiar em sua bravura e suas habilidades de arco e flecha para desfazer uma maldição bestial.",76.076,/tr0yoWlFmRgKrkE2SvYokkN6PcA.jpg,2012-06-21,Valente,False,7.02,13347
False,/o0zPARvs47f0UhAJuUqdQsyQaji.jpg,"[16, 35, 10751, 12]",8355,en,Ice Age: Dawn of the Dinosaurs,"Junte-se a Scrat, Manny e Diego empenhados numa perigosa missão para salvar o maluco do Sid. Para isso, os amigos têm que se aventurar num misterioso mundo subterrâneo, no qual encontram bem de perto dinossauros, enfrentam a flora e fauna, e conhecem Buck, uma inquieta doninha de um olho só metida a caçadora de dinossauros.",75.733,/pW4i32dbjMcMDLIHdzbhN2CgBR4.jpg,2009-06-26,A Era do Gelo 3,False,6.8,8282
False,/59CCw4EtiahW0E5cfTrvdbqPQTo.jpg,"[16, 35, 10751, 10402]",335797,en,Sing,"Um empolgado coala chamado Buster decide criar uma competição de canto para aumentar os rendimentos de seu antigo teatro. A disputa movimenta o mundo animal e promove a revelação de diversos talentos da cidade, todos de olho nos 15 minutos de fama e US$ 100 mil dólares de prêmio.",75.663,/vMWimvNGXKggoeEHtSAQDTkBikd.jpg,2016-11-23,Sing - Quem Canta Seus Males Espanta,False,7.113,7923
False,/1DnN37Vorg52G5TH2Azp9WsG9xe.jpg,"[10751, 16, 35, 12]",82690,en,Wreck-It Ralph,"Ralph está cansado de ser desprezado no seu próprio jogo de fliperama. Para ganhar a atenção do herói Felix e todos os outros personagens, o vilão tem um plano e sai em busca de uma medalha, com a intenção de provar o seu valor.",73.795,/uPAPODCQ1NiEHYiHI8oSSAg6b4o.jpg,2012-11-01,Detona Ralph,False,7.3,12284
False,/fOipappvgVtUbbHOtmCkHzcwJjC.jpg,"[16, 35, 10751]",93456,en,Despicable Me 2,"Gru mudou radicalmente sua vida e se dedica às filhotas Agnes, Edith e Margo, deixando de lado os tempos de vilão. Ele só não contava que seu passado fosse responsável pelo seu recrutamento pela Liga Antivilões para salvar o mundo na companhia da agente Lucy. Juntos, eles precisam localizar o criminoso que roubou a fórmula PX41 e Gru desconfia que seu antigo concorrente El Macho possa ser o responsável.",73.316,/7mYMq6OQyum1wAiUI7i6w78YKEO.jpg,2013-06-26,Meu Malvado Favorito 2,False,6.931,11241
False,/pGa4217asjzjepco86110xLWjE4.jpg,"[16, 10751, 35, 12]",80321,en,Madagascar 3: Europe's Most Wanted,"Nossos amigos animais Alex, Marty, Glória e Melman vão para a Europa e passam a ser perseguidos por uma agente de controle de animais. Para despistá-la, eles se juntam a um grupo circense que sonha em se apresentar em Nova York, o lar dos animais.",72.93,/bPRvFj9MGeLeqidaTniUf8yQ0PW.jpg,2012-06-06,Madagascar 3: Os Procurados,False,6.6,6113
False,/620hnMVLu6RSZW6a5rwO8gqpt0t.jpg,"[16, 35, 14, 12, 10751]",508943,en,Luca,"Ambientado na bela Riviera Italiana, este longa-metragem da Disney e da Pixar acompanha as aventuras do garoto Luca durante um verão inesquecível repleto de macarronadas, gelatos e passeios incríveis de motoneta ao lado de seu novo amigo Alberto. Mas um grande segredo ameaça colocar fim à diversão: abaixo da superfície da água, eles são monstros marinhos!",72.778,/m6Ockf2oYhxXoBIBaRLDwCOE410.jpg,2021-06-17,Luca,False,7.8,8334
False,/sKvQUSyqsFq8e1ts6oo3Xp3dPH2.jpg,"[16, 12, 35, 14]",585511,en,Luck,"A corajosa e azarada Sam Greenfield se aventura na encantada Terra da Sorte, onde terá que se aliar a criaturas mágicas para mudar seu destino. Gregório Duvivier empresta sua voz para o gato Bob na versão dublada.",72.471,/aeJHkkrDvbXPB25NghNbv5kUBVi.jpg,2022-08-05,Luck,False,7.768,1710
False,/liiPM38H376CDqxJ7VeQjan5YUy.jpg,"[16, 35, 12, 10751]",57800,en,Ice Age: Continental Drift,"A louca perseguição de Scrat sempre à caça de sua noz inquieta – perseguição à qual ele tem se dedicado desde os primórdios dos tempos – tem consequências que mudam o mundo e causam um cataclismo continental que leva Manny, Diego e Sid a viverem a maior aventura de todos os tempos. Nessa maré de mudanças, Sid acaba reencontrando sua avó turrona, e o bando ainda tem de lidar com uma horda de piratas decididos a impedi-los de voltar para casa.",71.944,/dWiHLqARtyAAOy0nLvXIxRYkfNA.jpg,2012-06-27,A Era do Gelo 4,False,6.4,7557
False,/7BdxZXbSkUiVeCRXKD3hi9KYeWm.jpg,"[16, 10751, 35]",49444,en,Kung Fu Panda 2,"Po vive o sonho de ser o dragão guerreiro, protegendo o Vale da Paz ao lado dos mestres Shifu, Tigresa, Macaco, Víbora, Louva-deus e Garça. Sua vida pacata chega ao fim quando surge um novo inimigo, o lorde Chen, que possui uma arma secreta capaz de permitir a conquista da China e provocar o fim do kung fu. Para impedi-lo, Po e os Cinco Furiosos precisam cruzar o país e derrotá-lo.",71.195,/dSF0v3XPCzKb30zv3fLeuoJuTRv.jpg,2011-05-25,Kung Fu Panda 2,False,7.035,7172
False,/vO1VJevJIKIXGfveYHsLPn8iHUn.jpg,"[12, 16, 35, 14, 10751]",13394,en,Shrek the Halls,"O Natal está chegando e Fiona (Cameron Diaz) está empolgada para passar seu primeiro Natal com Shrek (Mike Meyers) e seus filhos. O problema é que Shrek não tem ideia de como se comemora essa data. Ele, então, compra um livro para ajudá-lo. Tudo corre bem com os preparativos até que Burro (Eddie Murphy) e os outros personagens aparecem em sua casa para a festa de Natal.",70.905,/bkIEMVAYQHUhkxyLA9dhozDCLAt.jpg,2007-11-28,Shrek Bate o Sino,False,6.348,851
False,/kC2jLldbVA7nqYvlmNTINeMeUar.jpg,"[16, 10751, 35]",13377,en,How the Grinch Stole Christmas!,"Esta obra idealizada pelo famoso Dr.Seuss, apresenta-nos o infame Grinch, um ser amargurado e irritadiço que tem um coração com apenas metade do tamanho normal. A este ser, surge-lhe uma ideia, acabar com o Natal de uma vez por todas. Assim que chega disfarçado a Whoville, uma cidade que fica perto da sua cabana, conhece a pequena Cindy Lou Who, a única dos Who que tem as suas próprias dúvidas sobre o Natal. Juntos vão revolucionar a tranquila cidade de Whoville e o próprio Natal.",70.062,/7ir0iRuPK9OEuH569cp0nF5CJce.jpg,1966-12-18,Como o Grinch Roubou o Natal,False,7.507,1003
False,/b8hPBW0NJmiIVzvQjT3CwIpAdzl.jpg,"[16, 12, 35, 10751, 18, 37, 10749]",9023,en,Spirit: Stallion of the Cimarron,"No final do século XVII em pleno Oeste norte-americano vive Spirit, um cavalo que resiste a ser domado pelo homem. Ele se apaixona por uma égua local, chamada Chuva, e desenvolve uma grande amizade com um jovem índio Lakota chamado Pequeno Rio. Juntos eles acompanham a colonização do local onde vivem, percebendo as mudanças que a chegada da civilização fazem em seu dia-a-dia.",69.338,/qJ8fF5Uoy9WLrUvCXU26VJrfa5r.jpg,2002-05-24,Spirit: O Corcel Indomável,False,7.7,4563
False,/f7UI3dYpr7ZUHGo0iIr1Qvy1VPe.jpg,"[16, 10751, 14, 35]",1040148,en,"Ruby Gillman, Teenage Kraken","Uma adolescente tímida descobre que faz parte de uma lendária linhagem real dos míticos krakens do mar e que seu destino, nas profundezas dos oceanos, é maior do que ela jamais sonhou.",69.062,/nNcxpjCtcawf8wQmTwnA0u1jukC.jpg,2023-06-28,Ruby Marinho - Monstro Adolescente,False,7.3,971
False,/o1jr0UqVjxIZ1JnFzuVLN4ulWey.jpg,"[16, 10751, 35, 12]",950,en,Ice Age: The Meltdown,"A ação esquenta – e a temperatura também – para Manny, Sid, Diego e Scrat. Durante a tentativa de escapar do vale para evitar uma enchente de problemas, o divertido grupo embarca em uma hilária viagem por uma paisagem que está descongelando e acabam conhecendo Ellie, uma peluda fêmea de mamute que derrete o coração de Manny.",67.539,/5BSEXwvi0xDC2CbMkZQ0LngaVOh.jpg,2006-03-29,A Era do Gelo 2,False,6.7,9693
False,/iF2ibHWAkMBCEKEB93B5wY39vCB.jpg,"[16, 10751, 14, 12, 35, 10749]",11970,en,Hercules,"Dono de uma força sobre-humana, o jovem mortal Hércules precisa provar que é um herói para seu pai, o grande deus Zeus. Ele e seus amigos, Pégaso, um cavalo alado e Phil, seu treinador particular, são enganados por Hades, um vilão de cabeça quente que quer conquistar o Monte Olimpo. Hércules precisa decidir entre seus poderes e Meg, seu verdadeiro amor. Só depois de aprender que o importante não é o tamanho de sua força, mas o tamanho de seu coração, ele vai se tornar realmente invencível.",67.408,/gKwBRP5o8t6BpUfSeIy09q9AiH0.jpg,1997-06-13,Hércules,False,7.5,7398
False,/wLttOcR1wJGedXfpe69y215NvjN.jpg,"[16, 12, 10751, 35]",1076364,en,Carl's Date,"Carl Fredricksen relutantemente concorda em ir a um encontro com senhora amiga—mas reconhecidamente não tem ideia de como o namoro funciona hoje em dia. Sempre um amigo prestativo, Dug intervém para calmo o nervosismo pré-encontro de Carl e oferecer algumas dicas testadas e comprovadas para fazer amigos—se você for um cachorro.",67.393,/81Uq4CEUPRpbLrSPOREpQJFdFFr.jpg,2023-06-15,O Encontro de Carl,False,7.5,405
False,/8bMJljyNY4b0Di7csy3ObvJym3a.jpg,"[16, 28, 35, 10751]",10555,en,Shark Tale,"Oscar é um pequeno peixe que tem sonhos grandes, que se torna um herói involuntário após pregar uma grande mentira. Após ser perseguido pelo filho do tubarão-chefe, Oscar presencia sua morte. Querendo bancar o herói, ele assume a autoria do assassinato e, com isso, se torna uma grande celebridade no mundo aquático. Porém a situação se complica quando ele é designado para repetir a façanha, eliminando outros tubarões.",66.738,/1tPhFqGScPYbaLuczBnlFGjNUqj.jpg,2004-09-20,O Espanta Tubarões,False,6.028,6318
False,/df3vBSN3wmfe0QYGPxDdSzVwnYZ.jpg,"[16, 35, 10751]",79443,en,The Smurfs: A Christmas Carol,"É véspera de Natal, e todos os Smurfs decoram os seus cogumelos, exceto o Ranzinza. Os seus amigos tentam fazê-lo perceber a verdadeira magia do Natal, mas pouco ligou ao que lhe disseram. Agora cabe ao Papai Smurf tentar ajudá-lo. Com a ajuda de uma das suas poções, Papai Smurf leva Ranzinza através de uma viagem mágica pelo tempo, à descoberta da verdadeira magia do Natal.",63.994,/eCQLOZB5RoWiC4ofTtUN73VcpOd.jpg,2011-12-02,Os Smurfs: Um Conto de Natal,False,6.7,254
False,/6B2tOYhaIpv3kPKBkvdebX624Gw.jpg,"[16, 35, 10751, 37, 12]",44896,en,Rango,"Rango (Johnny Depp) é um camaleão da cidade grande que vai parar, após um acidente, em pleno velho oeste, na cidade de Poeira no deserto do Mojave, na Califórnia. De uma hora para outra, sua rotina de animal de estimação mudou radicalmente e agora ele precisa deixar a vida ""camuflada"" para enfrentar os perigos existentes no mundo real, fazendo com que ele vivencie a experiência de fazer amigos, conhecer inimigos e até, quem sabe, se tornar um herói.",63.969,/e5kYzP2hljfdooEzl1lskWn7yoj.jpg,2011-03-02,Rango,False,6.9,6453
False,/ae1T4QPY8SoqBqag6s4tHcN1Aca.jpg,"[16, 10751, 35]",11544,en,Lilo & Stitch,"Lilo é uma garotinha de cinco anos que ama cuidar de animais. Um dia ela adota um cachorro e decide chamá-lo de Stitch. O que ela não sabe é que Stitch é um alienígena e um dos criminosos mais perigosos da galáxia. Agora, para escapar de seus captores que ainda o persegue, Stitch decide se passar por um cachorro comum, criando com o tempo um laço de amizade com Lilo.",62.828,/ottRXMCQ9jPB318syTcfIdtJWIE.jpg,2002-06-21,Lilo & Stitch,False,7.5,6211
False,/sd4xN5xi8tKRPrJOWwNiZEile7f.jpg,"[16, 12, 35, 10751]",920,en,Cars,"Ao viajar para a Califórnia, o famoso carro de corridas Relâmpago McQueen se perde e vai parar em Radiator Springs, uma cidadezinha na Rota 66. Ele conhece novos amigos e aprende lições que mudam sua forma de encarar a vida.",62.42,/d3a9nafpB6rUWckVptwpTJ0Sy0l.jpg,2006-06-08,Carros,False,6.983,13948
False,/j7A8wkcW9UYvchFdWu89oHN9b6O.jpg,"[10751, 16, 12, 35]",953,en,Madagascar,"O leão Alex é a grande atração do zoológico do Central Park, em Nova York. Ele e seus melhores amigos, a zebra Marty, a girafa Melman e a hipopótamo Gloria, sempre passaram a vida em cativeiro e desconhecem o que é morar na selva. Curioso em saber o que há por trás dos muros do zoo, Marty decide fugir e explorar o mundo. Ao perceberem, Alex, Gloria e Melman decidem partir à sua procura. O trio encontra Marty na estação Grand Central do metrô, mas antes que consigam voltar para casa são atingidos por dardos tranquilizantes e capturados. Embarcados em um navio rumo à África, eles acabam na ilha de Madagascar, onde precisam encontrar meios de sobrevivência em uma selva verdadeira.",62.341,/A3xzOyFlWxoGFPG4aUGX8zMS4OA.jpg,2005-05-25,Madagascar,False,6.9,10841
False,/8ln5VUVk7gnNGIb2VNgw8nICDVt.jpg,"[16, 35, 10751]",35,en,The Simpsons Movie,"Homer Simpson (Dan Castellaneta) tem um novo bicho de estimação: um porco. Devido a um silo perfurado e cheio de fezes, um desastre de grandes proporções acontece em Springfield. Isto faz com que uma multidão sedenta por vingança se reúna diante da casa dos Simpsons, querendo Homer e sua família de qualquer jeito. Eles conseguem escapar, mas a partir de então os Simpsons passam a discutir e se dividir sobre o ocorrido. Paralelamente o ocorrido chama a atenção do presidente dos Estados Unidos, Arnold Schwazenegger (Harry Shearer), e do chefe da Agência de Proteção Ambiental, Russ Cargill (Albert Brooks), que planeja realizar um plano diabólico para conter o desastre ocorrido.",62.242,/sMcsZ7BlOf2LDhTlfPlWb3w6lJM.jpg,2007-07-25,Os Simpsons: O Filme,False,7.0,7975
False,/rmDKJu0IEETUm3tyRwCQTk48MvE.jpg,"[16, 12, 10751, 14, 35, 28]",49519,en,The Croods,"Um terremoto destrói a caverna de uma família pré-histórica, que vive novas experiências em terras desconhecidas em sua busca por um novo lar.",61.607,/7k9w3RgKYoJ9MCwdBY0ZBxC323L.jpg,2013-03-15,Os Croods,False,6.921,7050
False,/m03jul0YdVEOFXEQVUv6pOVQYGL.jpg,"[16, 35, 10751, 14]",400155,en,Hotel Transylvania 3: Summer Vacation,"Solitário e infeliz, buscando um novo amor na internet, Drácula é surpreendido com um presente da querida filha: férias em um cruzeiro. Inicialmente resistente à ideia, ele acaba engajado no passeio ao se encantar pela comandante, que, no entanto, esconde um segredo nada amigável.",61.529,/yyDm9V7xSyxpgu7MfcMatyZcR03.jpg,2018-06-28,Hotel Transilvânia 3: Férias Monstruosas,False,6.9,4403
False,/9IDJpHROaC0S1ZlIxrvzOcOX5yC.jpg,"[10751, 16, 12, 35, 80]",629542,en,The Bad Guys,"Nunca houve cinco amigos tão infames quanto Os Caras Malvados – o arrojado batedor de carteiras Sr. Wolf, o arrombador de cofres Mr. Snake, o mestre do disfarce do frio Sr. Shark, o “músculo” curto do Sr. Piranha e a especialista em hacker de língua afiada Sra. Tarantula, também conhecido como “Webs”.",61.061,/syKg3OmdtSYmkA7nNdtPUYdSFGL.jpg,2022-03-17,Os Caras Malvados,False,7.552,2059
False,/6eGYsTJvTf2R38YO0NlnqdsaZu0.jpg,"[10751, 12, 35, 14, 16]",228165,en,The SpongeBob Movie: Sponge Out of Water,"O pirata Burger Beard rouba a receita secreta do adorado hambúrguer de siri e Bob Esponja e seus amigos desembarcam em terra firme para resgatar a fórmula perdida. Para conseguirem, eles têm de se associar a seu antigo rival, Plankton.",60.215,/4xpJyqKVz2RDegkXplyRweJM7ZR.jpg,2015-01-28,Bob Esponja: Um Herói Fora D'Água,False,6.1,2346
False,/3eQnD9CIUerbXbgtFE1zJNvEVVo.jpg,"[10751, 16, 35, 28]",11430,en,The Lion King 1½,"Timão e Pumba começam a assistir o primeiro filme do Rei Leão, e Timão fica insistindo para que Pumba avance até a parte em que eles aparecem, porque eles não estão no início do filme. A partir daí, Pumba resolve contar um pouco da história dos dois, que começa antes da jornada de Simba. Contam sobre a mãe de Timão e sobre o Tio Max, descobrem porque Timão deixou a colônia, e onde ele aprendeu o Hakuna Matata. Também relatam como os dois se conheceram, e os perigos que enfrentaram enquanto procuravam pelo lar dos sonhos.",60.028,/vtX3wirmv2VkQi1u4C9cSdHTXQn.jpg,2004-02-06,O Rei Leão 3: Hakuna Matata,False,6.6,2963
False,/ytTQoYkdpsgtfDWrNFCei8Mfbxu.jpg,"[16, 10751, 12, 14, 35]",529203,en,The Croods: A New Age,"A família Crood se muda para um lugar seguro, onde encontram seus novos vizinhos, os Bettermans. À medida que as tensões aumentam, uma nova ameaça impulsiona os dois clãs em uma aventura épica que os força a se unirem e sobreviverem juntos.",59.987,/vRTScutueW9gLF3dSo2Za7o0v7n.jpg,2020-11-25,Os Croods 2: Uma Nova Era,False,7.479,3828
False,/3jHUaK00IidR05L3ZVPSqE7xZ6M.jpg,"[12, 16, 10751, 35, 878]",278154,en,Ice Age: Collision Course,"Scrat continua sua saga épica, atrás da noz que o levará através do universo, quando acidentalmente cria uma série de eventos cósmicos que ameaçam o mundo de ""A Era do Gelo"". Agora todos – incluindo Buck, Manny, Ellie, Sid e Diego devem trabalhar em equipe nesta jornada divertidíssima recheada de ação e novos personagens vívidos, que precisam superar esta Scrat-ástofre.",59.813,/k3lmQw2wePJAoK8C9UxwXLIDoOG.jpg,2016-06-23,A Era do Gelo: O Big Bang,False,6.1,4532
False,/yBov7O4eXDcBLDpZrOHZzFr8rIl.jpg,"[16, 35, 12, 10751]",459151,en,The Boss Baby: Family Business,"Em O Poderoso Chefinho 2 acompanha novamente os irmãos Tim e Ted, agora adultos e vivendo vidas separadas. Enquanto Tim construiu uma vida calma no subúrbio com sua esposa, Carol, e as filhas, Tabitha e Tina, Ted se transformou em um mega empresário que resolve todos os problemas com dinheiro. Mas quando Tim descobre que sua filha caçula também é agente do BabyCorp, ele precisará da ajuda do irmão mais novo para lidar com a situação.",59.657,/2wBy31OCllFS1pSHkTnInxoHXOX.jpg,2021-07-01,O Poderoso Chefinho 2: Negócios da Família,False,7.4,2530
False,/r8Vk1PJ7eDwRKDZJOS4AKC7puK3.jpg,"[16, 35, 10751]",8920,en,Garfield,"O gato mais famoso do mundo, Garfield, passa seu tempo dormindo, comendo lasanha e aprontando travessuras, até que seu dono Jon se apaixona por uma linda veterinária chamada Liz. Ela convence Jon a adotar Odie, um filhote de cachorro adoravelmente tolinho, que imediatamente coloca a confortável vida de Garfield de pernas para o ar. Quando um malígno treinador de cães sequestra Odie, Garfield tem que se levantar do sofá e comandar a heróica operação de resgate.",59.541,/co8AsyQc2KDMUooWMLq7ACw7jnR.jpg,2004-06-10,Garfield - O Filme,False,5.7,3991
False,/qw02SUqrrdTjAOPCFJBPyKaVf4z.jpg,"[16, 35, 12, 10751]",774825,en,The Ice Age Adventures of Buck Wild,"As peripécias hilárias dos mamíferos pré-históricos favoritos de todo mundo continuam, enquanto os gambás caçadores de emoções Crash e Eddie se juntam ao seu amigo caolho, aventureiro e caçador de dinossauros, a doninha Buck Wild, para enfrentar os dinossauros rebeldes do Mundo Perdido.",58.579,/1iVjKCGHPVNj7IQVB1DdpL8U7Y8.jpg,2022-01-28,A Era do Gelo: As Aventuras de Buck,False,6.625,1698
False,/lKkkogTlIQT8o83GFQZZ3CA9MzB.jpg,"[35, 10751, 14, 16]",6477,en,Alvin and the Chipmunks,"Alvin, Simon e Theodore são três esquilos especiais, que decidem morar na casa de Dave Seville, um compositor em busca do sucesso. Logo eles percebem que, para que Dave permita que eles morem em sua casa, o trio precisará demonstrar que tem talento. Assim Alvin, Simon e Theodore mostram que sabem cantar, tornando-se um grande sucesso. Isto faz com que Dave torne-se não apenas seu compositor, mas também um verdadeiro pai. Só que o estrelato sobe à cabeça do trio, gerando problemas no relacionamento deles com Dave.",58.196,/o2WoeYJv9ISS9bw0kKD2cvmg9xN.jpg,2007-12-13,Alvin e os Esquilos,False,5.8,4427
False,/3yXLkSTrVhG66MIAr3X6C4gjccw.jpg,"[10751, 12, 16, 35]",10527,en,Madagascar: Escape 2 Africa,"Alex, Marty, Melman, Gloria, Rei Julien, Maurice, os pinguins e os chimpanzés estão no longínquo litoral de Madagascar. Para deixar o local os pinguins consertam um velho avião de guerra, mas logo em seu 1º voo ele cai. Isto faz com que os animais do zoológico de Nova York tenham que lidar, pela 1ª vez na vida, com espécies semelhantes a eles, só que habituadas à vida selvagem.",58.033,/u6w0HVvpQTsthsi6pqxO5X72E8K.jpg,2008-10-30,Madagascar 2: A Grande Escapada,False,6.513,6867
False,/qDQEQbgP3v7B9IYLAUcYexNrVYP.jpg,"[10751, 16, 35, 12]",404368,en,Ralph Breaks the Internet,"Ralph, o mais famoso vilão dos videogames, e Vanellope, sua companheira atrapalhada, iniciam mais uma arriscada aventura. Após a gloriosa vitória no Fliperama Litwak, a dupla viaja para a world wide web, no universo expansivo e desconhecido da internet. Dessa vez, a missão é achar uma peça reserva para salvar o videogame Corrida Doce, de Vanellope. Para isso, eles contam com a ajuda dos ""cidadãos da Internet"" e de Yess, a alma por trás do ""Buzzztube"", um famoso website que dita tendências.",56.91,/uZCR7Vt3gTpj8hCNybFcNThFYTA.jpg,2018-11-20,WiFi Ralph: Quebrando a Internet,False,7.2,7551
False,/wu1uilmhM4TdluKi2ytfz8gidHf.jpg,"[10751, 16, 14, 12, 35]",400160,en,The SpongeBob Movie: Sponge on the Run,"Onde está Gary? Segundo Bob Esponja, Gary foi ""caracolstrado"" pelo temível Rei Poseidon e levado para a cidade perdida de Atlantic City. Junto a Patrick Estrela, ele sai em uma missão de resgate ao querido amigo, e nesta jornada os dois vão conhecer novos personagens e viver inimagináveis aventuras.",56.424,/d88x4Jnyhr4xErOYeJCspcxI34h.jpg,2020-08-14,Bob Esponja: O Incrível Resgate,False,7.5,2843
False,/2Cpg8hUn60PK9CW9d5SWf605Ah8.jpg,"[16, 35, 28, 878]",614930,en,Teenage Mutant Ninja Turtles: Mutant Mayhem,"Depois de anos sendo protegidos do mundo humano, os irmãos tartarugas saem para ganhar os corações dos nova yorkinos e serem aceitos como adolescentes normais através de seus atos heroicos. Sua nova amiga, April O’Neil, vai ajudá-los a derrotar um misterioso sindicado do crime, mas eles logo se veem em maus lençóis quando um exército de mutantes vai atrás deles.",55.716,/gwrFZLMPox82lsPT8MHpAYmFjw9.jpg,2023-07-31,As Tartarugas Ninja: Caos Mutante,False,7.241,1304
False,/hwwFyowfcbLRVmRBOkvnABBNIOs.jpg,"[10751, 16, 12, 35]",9487,en,A Bug's Life,"Flik é uma formiga cheia de ideias que, em nome dos ""insetos oprimidos de todo o mundo"", precisa contratar guerreiros para defender sua colônia de um faminto bando de gafanhotos liderado por Hopper. Mas quando descobrem que o exército de insetos é na verdade um fracassado grupo de atores de um circo de pulgas, o cenário está armado para divertidas confusões... com estes improváveis heróis.",55.253,/twzLdfNxyAa5xQWLLVQyapSqJJP.jpg,1998-11-25,Vida de Inseto,False,7.0,9121
False,/i2fZIltljrhFPsUK9PN6O6ZE7M4.jpg,"[10751, 16, 35, 14, 12]",11836,en,The SpongeBob SquarePants Movie,"Após a coroa do Rei Netuno ser roubada, Bob Esponja e seu melhor amigo Patrick partem em uma viagem pela Fenda do Bikini para reencontrá-la. No caminho eles precisam enfrentar monstros marinhos, vilões perigosos e vários bandidos.",55.2,/91BYVYkCcl1l7eufPXbv33MqQnJ.jpg,2004-11-19,Bob Esponja: O Filme,False,7.0,2884
False,/22h4lNjlm3XYGJimNaKk61NS3Hj.jpg,"[16, 28, 35, 10751, 878]",38055,en,Megamind,"Tudo o que vilão Megamente mais queria era eliminar seu adversário Metro Man e assim dominar a cidade de Metro City. Só que para isso era necessário um plano ainda mais diabólico do que todos já tentados anteriormente. Um dia, com a ajuda de Criado e após sequestrar a repórter Rosane Rocha, o malvado consegue o inimaginável, para ele e para todos: dar um sumiço no herói. A única coisa que ele não contava era que sua vida se tornaria tão chata a ponto de ele inventar um herói para combater.",54.201,/kbiEPYIfdRENV7t0KvMZJ2HIfcQ.jpg,2010-10-28,Megamente,False,7.0,6849
False,/6Pr9bECfj5k4KIYmT7np0xCXt3U.jpg,"[16, 10751, 14, 12, 35]",417859,en,Puss in Boots,"Muito antes de conhecer o ogro Shrek e sua turma, Gato de Botas vai viver uma grande aventura ao lado de Humpty Dumpty e Kitty Pata Mansa. Dipostos a roubar os feijões mágicos do casal fora da lei Jack e Jill, o trio quer mesmo é botar as mãos na famosa gansa que bota ovos de ouro. Mas algumas coisas não estavam nos planos e Gato vai descobrir, meio atrasado, que tem um grande problema pela frente para conseguir limpar o que ficou para trás: a sua honra.",54.085,/kc7TJHzlLOsN0M6srM67BXdGmhn.jpg,2011-10-27,Gato de Botas,False,6.569,4047
False,/rQaHA74pevnGsxcKGaoZVGWe9TC.jpg,"[16, 10751, 35, 14]",508442,en,Soul,"Joe Gardner é um professor de música de ensino fundamental desanimado por não conseguir alcançar seu sonho de tocar no lendário clube de jazz The Blue Note, em Nova York. Quando um acidente o transporta para fora do seu corpo, fazendo com que ele exista em outra realidade na forma de sua alma, ele se vê forçado a embarcar em uma aventura ao lado da alma de uma criança que ainda está aprendendo sobre si, para aprender o que é necessário para retomar sua vida.",53.661,/bzDAfXoqNAvWUe7uss2NE3BmRqy.jpg,2020-12-25,Soul,False,8.122,10456
False,/uHTjgDGom9iOoUZke86gqMjBUgy.jpg,"[12, 16, 35, 14]",223702,en,Sausage Party,"Dentro de um supermercado, os alimentos sonham em serem escolhidos pelas pessoas e se mudarem para as casas dos compradores. Mas eles nem suspeitam que serão cortados, ralados, cozidos e devorados! Quando uma salsicha descobre a terrível verdade, ela reúne outros alimentos com a tarefa de voltarem ao mercado e avisarem todos os colegas do risco que correm.",53.068,/ocZj2eTuSyylC5I9Rnm5Jk9yJNn.jpg,2016-07-11,Festa da Salsicha,False,5.8,7262
False,/kFPWoBFBkVi3YDG8MyOOTrwGxPF.jpg,"[16, 35, 10751, 14]",159824,en,Hotel Transylvania 2,"Drácula percebe que seu neto, que é metade humano, não está mostrando seu lado vampiro. O avô preocupado, ao lado de seus amigos, decide colocar o menino em um treinamento especial enquanto Mavis e Johnny estão fora. Para piorar, o pai de Drácula aparece para uma visita.",52.739,/prBkRebn3rgLVboyxmEpjKaDJ1x.jpg,2015-09-21,Hotel Transilvânia 2,False,6.774,5746
False,/mwdt9HsCddye6xzNvccPenaenjW.jpg,"[16, 18, 35, 878]",838240,es,Robot Dreams,"Dog mora em Nova York e, cansado de ficar sozinho, um dia ele decide comprar um robô para ser seu amigo. Eles se tornam amigos inseparáveis, até que Dog é obrigado a tomar uma dificil decisão.",51.814,/30TUJgAUBbHdq9Rm44Xm6Tlwzwg.jpg,2023-12-06,Meu Amigo Robô,False,8.0,566
False,/ftRkFtAGuHngHnLiOxktq0aCVMF.jpg,"[28, 16, 35, 10751, 12]",324852,en,Despicable Me 3,"O ex-ator mirim e astro de TV, Balthazar Bratt, foi um típico malvado bem-sucedido nos anos 80 e agora está de volta à ativa. Ele vai aterrorizar a vida de Gru, Agnes, Margo, Edith, Dr. Nefario e os atrapalhados Minions. Em meio a tudo isso, Gru também vai encontrar o seu irmão gêmeo, Drew.",51.264,/Ag4yzurAIjk8KWHwtoF5RMxJQSI.jpg,2017-06-15,Meu Malvado Favorito 3,False,6.469,7147
False,/9531Jp42H0ppRXjkxxgCulnQNZp.jpg,"[16, 10751, 12, 35, 14]",137106,en,The Lego Movie,"Emmet é um Lego comum, até o dia em que é confundido com o Master Builder, o grande criador deste mundo de brinquedo, por ter encontrado a famosa peça de resistência. Este peça, procurada por todos há séculos, seria capaz de desarmar uma poderosa máquina criada pelo presidente do país, o perverso Sr. Negócios, que pretende colar todas as peças e impedir as mudanças no sistema. Mesmo sem ter grandes habilidades como criador, Emmet gosta de ser considerado um Lego especial, e faz de tudo para merecer a confiança de seus amigos, que incluem a rebelde Mega Estilo, o sábio Vitrúvius, e o gato-unicórnio UniKitty.",51.084,/yFAP5ePJuKaiFNm0h3hi3P3p19E.jpg,2014-02-06,Uma Aventura Lego,False,7.4,7830
False,/7xQk3HdCvkNmk3gblDGn9fVnbsT.jpg,"[12, 16, 35, 10751]",11619,en,Flushed Away,"Roddy St. James, o mimado ratinho de estimação, acha que já chegou lá... até que entra literalmente pelo cano e vai parar num submundo de rãs ninjas, ratos-capangas e lesmas cantoras. Esta surpreendente a criativa aventura cômica é uma enxurrada de diversão tanto para crianças quanto para adultos.",50.987,/qzyUeoCg6fh8nSQD1LFiUiiOs8P.jpg,2006-10-22,Por Água Abaixo,False,6.3,3777
False,/yoyLhm534GHsWvx5cNBDhfZdTG7.jpg,"[16, 12, 35, 10751]",46195,en,Rio,"Capturada por contrabandistas de animais quando tinha acabado de nascer, a arara Blu nunca aprendeu a voar e vive uma vida domesticada feliz em Minnesota, nos Estados Unidos, com sua dona, Linda. Blu pensa que é a última arara de sua espécie. Mas quando descobrem que Jade, uma fêmea, vive no Rio de Janeiro, Blu e Linda vão ao seu encontro em para recuperar a espécie.",50.955,/pPvCSyQCY6Xtl78Qo9o0YStUj6o.jpg,2011-04-03,Rio,False,6.7,6646
False,/sTOhZruocNubL0HxjvdouwCEL9I.jpg,"[16, 10751, 12, 35]",364689,en,Ferdinand,"Ferdinando é um touro com um temperamento calmo e tranquilo, que prefere sentar-se embaixo de uma árvore e relaxar ao invés de correr por aí bufando e batendo cabeça com os outros. A medida que vai crescendo, ele se torna forte e grande, mas com o mesmo pensamento. Quando cinco homens vão até sua fazenda para escolher o melhor animal para touradas em Madri, Ferdinando é selecionado acidentalmente.",50.845,/rnoYZvoSbS6uogrESSbKOpwg0sB.jpg,2017-12-09,O Touro Ferdinando,False,7.2,2838
